ID,first_name,last_name,address,city,county,postal,phone1,phone2,email
7727802,Aleshia,Tomkiewicz,1 Argyle St,Hyde Werneth Ward,Greater Manchester,SK14 5AR,01835-703597,01944-369967,atomkiewicz@hotmail.com
8996122,Evan,Zigomalas,1 Askew St,Farnham,Surrey,GU9 9AS,01937-864715,01714-737668,evan.zigomalas@gmail.com
2715878,France,Andrade,1 Back Canning St,Dunblane and Bridge of Allan W,Stirling,FK9 4LD,01347-368222,01935-821636,france.andrade@hotmail.com
6644728,Ulysses,Mcwalters,1 Back Canning St,Dunblane and Bridge of Allan W,Stirling,FK9 4LD,01912-771311,01302-601380,ulysses@hotmail.com
6582232,Tyisha,Veness,1 Birkett St,Shard End Ward,West Midlands,B33 0NH,01547-429341,01290-367248,tyisha.veness@hotmail.com
1703742,Eric,Rampy,1 James St #4,St. Andrews Ward,Fife,KY16 9EE,01969-886290,01545-817375,erampy@rampy.co.uk
3539698,Marg,Grasmick,1 Jervis St,High Barnet Ward,Greater London,EN5 4LH,01865-582516,01362-620532,marg@hotmail.com
8732281,Laquita,Hisaw,1 Milton St,Little Missenden,Buckinghamshire,HP16 0DH,01746-394243,01590-982428,laquita@yahoo.com
6518350,Lura,Manzella,1 Milton St,Little Missenden,Buckinghamshire,HP16 0DH,01907-538509,01340-713951,lura@hotmail.com
7060804,Yuette,Klapec,1 Northampton St,Madeley,Shropshire,TF7 4GA,01903-649460,01933-512513,yuette.klapec@klapec.co.uk
8015389,Fernanda,Writer,1 Sussex St,Cyfarthfa Community,Merthyr Tydfil,CF48 1AR,01630-202053,01687-879391,fernanda@writer.co.uk
9227030,Charlesetta,Erm,1 Towson St,Howe of Fife and Tay Coast War,Fife,KY14 6AH,01276-816806,01517-624517,charlesetta_erm@gmail.com
6495437,Corrinne,Jaret,1054 Gladys St,Bellshill Ward,North Lanarkshire,ML4 3EJ,01625-932209,01642-322954,corrinne_jaret@gmail.com
4232445,Niesha,Bruch,1056 College St South,Chester-le-Street North and Ea,County Durham,DH2 2JZ,01874-856950,01342-793603,niesha.bruch@yahoo.com
1514367,Rueben,Gastellum,11 Tetlow St,Parsons Green and Walham Ward,Greater London,SW6 4QP,01976-755279,01956-535511,rueben_gastellum@gastellum.co.uk
5596710,Michell,Throssell,11 Tetlow St,Parsons Green and Walham Ward,Greater London,SW6 4QP,01967-580851,01672-496478,mthrossell@throssell.co.uk
4656266,Edgar,Kanne,1149 Highfield Rd #996,Fareham South Ward,Hampshire,PO14 9JJ,01326-532337,01666-638176,edgar.kanne@yahoo.com
5261852,Dewitt,Julio,115 Lister Rd,Barnfield Ward,Lancashire,BB5 2EY,01253-528327,01241-964675,dewitt.julio@hotmail.com
7755949,Charisse,Spinello,115 Lister Rd,Barnfield Ward,Lancashire,BB5 2EY,01719-831436,01207-428520,charisse_spinello@spinello.co.uk
8595806,Mee,Lapinski,1175 Greig St,St. Marys Ward,Greater Manchester,M25 0ZN,01578-287816,01939-815208,mee.lapinski@yahoo.com
6913977,Peter,Gutierres,123 Sussex St,Astley Bridge Ward,Greater Manchester,BL1 6PY,01842-767201,01859-648598,peter_gutierres@yahoo.com
1181762,Octavio,Salvadore,123 Sussex St,Astley Bridge Ward,Greater Manchester,BL1 6PY,01552-709248,01743-139456,octavio.salvadore@yahoo.com
9398437,Martha,Teplica,1257 Stone St,Northwood Ward,Greater London,HA6 1AN,01677-684257,01583-287367,mteplica@teplica.co.uk
3559646,Tamesha,Veigel,1267 Alderson Rd,Churchdown,Gloucestershire,GL3 2BA,01217-342071,01280-786847,tveigel@veigel.co.uk
8400857,Tess,Sitra,1267 Audley St,Ise Lodge Ward,Northamptonshire,NN15 5DB,01473-229124,01848-116775,tess_sitra@hotmail.com
3053948,Leonard,Kufner,1267 Audley St,Ise Lodge Ward,Northamptonshire,NN15 5DB,01230-623547,01604-718601,lkufner@kufner.co.uk
2330284,Svetlana,Tauras,13 Stockdale St #779,Abingdon on Thames,Oxfordshire,OX14 5QH,01781-827317,01509-121140,svetlana_tauras@tauras.co.uk
289738,Pok,Molaison,1346 Vandyke St,Hove Park Ward,Brighton and Hove,BN3 6NS,01866-248660,01315-284286,pok@yahoo.com
7647013,Augustine,Growcock,1346 Vandyke St,Hove Park Ward,Brighton and Hove,BN3 6NS,01541-802635,01926-108010,augustine.growcock@growcock.co.uk
1849453,Karma,Quarto,1346 Vandyke St,Hove Park Ward,Brighton and Hove,BN3 6NS,01857-864722,01307-667811,kquarto@gmail.com
8312291,Reed,Weisinger,1346 Vandyke St,Hove Park Ward,Brighton and Hove,BN3 6NS,01243-678286,01292-297245,reed_weisinger@yahoo.com
4799566,German,Zelaya,135 Opie St,Howard Town Ward,Derbyshire,SK13 8BB,01400-269033,01366-210656,german@hotmail.com
7392348,Milly,Savidge,14 Landseer Rd,Nith Ward,Dumfries and Galloway,DG1 9SY,01702-725589,01421-132652,milly@gmail.com
8714640,Luis,Ear,1400 Ash St,Thorpe Hamlet Ward,Norfolk,NR1 4HS,01462-648669,01405-648623,luis@hotmail.com
7589783,Ciara,Cobbley,143 Clark St #802,Halliwell Ward,Greater Manchester,BL1 2PS,01235-647932,01809-443217,ciara_cobbley@hotmail.com
5816454,Alethea,Mould,143 Clark St #802,Halliwell Ward,Greater Manchester,BL1 2PS,01662-114247,01351-868965,alethea@hotmail.com
8118965,Margurite,Loperfido,1432 Rutland Ave,Uckfield,East Sussex,TN22 9EF,01407-866759,01640-661191,mloperfido@gmail.com
3894169,Vernice,Sperazza,148 Rembrandt St,Warlingham,Surrey,CR6 9SW,01822-563044,01765-519419,vernice@yahoo.com
1314630,Vicente,Rawicki,150 Margaret Rd,Kings Hill,Kent,ME19 4DT,01327-770774,01286-258121,vicente_rawicki@hotmail.com
3594022,Craig,Cua,1554 Christopher St,Everton Ward,Merseyside,L6 1BG,01483-418969,01818-980469,craig@hotmail.com
8773043,Jenise,Dulle,1554 Christopher St,Everton Ward,Merseyside,L6 1BG,01709-854691,01572-193368,jenise.dulle@hotmail.com
3282238,Marylin,Cornelison,159 Carlton St,Windle Ward,Merseyside,WA10 6QG,01609-882184,01295-331807,marylin_cornelison@yahoo.com
9163565,Marget,Gunst,1592 Price St,Ponteland,Northumberland,NE20 9TF,01693-310794,01512-975244,mgunst@yahoo.com
3315759,Annett,Bunselmeyer,1616 Menzies St #453,Tadworth and Walton Ward,Surrey,KT20 7PA,01891-702579,01333-972244,abunselmeyer@hotmail.com
4825552,Kip,Turziano,1616 Menzies St #453,Tadworth and Walton Ward,Surrey,KT20 7PA,01850-347846,01222-164469,kip.turziano@yahoo.com
3779628,Melina,Orizabal,162 Grayson St,Greenlands Ward,Lancashire,FY2 0TD,01420-307327,01245-559333,melina@gmail.com
2879877,Tina,Clapham,1661 Arrow St,Kirk Hammerton,York,YO26 8DA,01567-296442,01493-245349,tclapham@gmail.com
86325,Luisa,Devereux,1661 Arrow St,Kirk Hammerton,York,YO26 8DA,01607-269930,01334-807355,ldevereux@gmail.com
6541214,Pedro,Aschoff,1730 Seymour St,Eastbrook Ward,Brighton and Hove,BN41 1QH,01386-981141,01823-517315,paschoff@yahoo.com
3277161,Carrol,Kunimitsu,1730 Seymour St,Eastbrook Ward,Brighton and Hove,BN41 1QH,01260-641258,01415-364461,carrol_kunimitsu@yahoo.com
6084757,Alba,Mosseri,1730 Seymour St,Eastbrook Ward,Brighton and Hove,BN41 1QH,01543-198690,01231-806535,alba@gmail.com
2170778,Domonique,Sandlin,18 Nimrod St,Walney North Ward,Cumbria,LA14 3SJ,01355-500797,01987-728730,domonique@hotmail.com
2899001,Rory,Neufville,18 Nimrod St,Walney North Ward,Cumbria,LA14 3SJ,01252-621329,01442-700486,rory_neufville@neufville.co.uk
5552796,Dustin,Klingaman,18 Ouse St,Oakridge and Castlefield Ward,Buckinghamshire,HP11 2PJ,01712-135466,01523-775781,dklingaman@gmail.com
5331214,Lyndia,Moonshower,18 Thomas St,Barnham,West Sussex,PO22 0JT,01469-300335,01789-132579,lyndia_moonshower@moonshower.co.uk
5224216,Jules,Hiltner,180 Frodsham St,Grovehill Ward,Hertfordshire,HP2 7BD,01428-343825,01814-878359,jules@yahoo.com
9170474,Dong,Kopczynski,1831 Richards St #8,Berkhamsted,Hertfordshire,HP4 2AF,01770-129032,01639-518104,dkopczynski@kopczynski.co.uk
4784426,Justine,Salta,19 Soho St,Whitley Ward,Berkshire,RG1 9XH,01689-253476,01376-851958,justine_salta@yahoo.com
4810341,Chantay,Kamens,198 Ranelagh Place,Central Buchan Ward,Aberdeenshire,AB43 6RD,01823-383806,01245-146126,ckamens@hotmail.com
8472950,Tequila,Chisum,1980 Tynemouth St,Almond Ward,West Lothian,EH52 5PY,01835-634521,01702-946496,tequila.chisum@chisum.co.uk
7209791,Maybelle,Consolazio,2 Cherry Lane,Strood South Ward,Kent,ME2 2NJ,01383-647035,01351-200904,mconsolazio@yahoo.com
2614999,Margarett,Bairo,2 Cherry Lane,Strood South Ward,Kent,ME2 2NJ,01670-813697,01903-424890,margarett@gmail.com
1678969,Janessa,Noonon,2 Cockburn St,Seaham,County Durham,SR7 0AR,01472-324699,01841-979075,jnoonon@yahoo.com
9720148,Sol,Cowser,2 Kirkdale Rd,Canning Town North Ward,Greater London,E16 4NF,01412-528394,01580-134516,sol@gmail.com
9434462,Louann,Smethers,2 Kirkdale Rd,Canning Town North Ward,Greater London,E16 4NF,01670-234959,01488-872531,louann@gmail.com
706755,Lindsay,Yadao,2 Park Rd Walton #4338,Lansdown Ward,Gloucestershire,GL50 2LF,01947-566661,01481-295251,lindsay_yadao@yadao.co.uk
7790041,Malika,Hanton,2 Prince Rupert St,West Wickham Ward,Greater London,BR3 6SX,01532-497454,01705-208145,malika@gmail.com
3967185,Stefany,Ferenz,2 Seacombe St,Littleborough Lakeside Ward,Greater Manchester,OL15 0JP,01743-977277,01704-986828,stefany@hotmail.com
9678920,Abraham,Cratch,2 Weller St,Appleton Wiske,North Yorkshire,DL6 2AS,01599-245408,01695-305111,acratch@gmail.com
8177774,Giuseppe,Rohaley,20 Gloucester Pl #96,Chirton Ward,Tyne & Wear,NE29 7AD,01345-400452,01866-845669,giuseppe@yahoo.com
6933697,Kiera,Bassil,201 Bran St,Ashford Common Ward,Surrey,TW15 2AJ,01655-519837,01783-446052,kbassil@bassil.co.uk
2408578,Wendell,Rubano,2015 Suburban Rd,Springfield Ward,Greater London,N16 6TD,01837-530939,01752-386691,wendell_rubano@hotmail.com
1195991,Stevie,Stifflemire,2015 Suburban Rd,Springfield Ward,Greater London,N16 6TD,01262-808399,01411-169215,stevie_stifflemire@stifflemire.co.uk
3543453,Yun,Paletta,2015 Suburban Rd,Springfield Ward,Greater London,N16 6TD,01350-332706,01374-255198,yun_paletta@paletta.co.uk
8186951,Brittani,Thurm,205 Forge St #4021,Stainburn,North Yorkshire,LS21 2LS,01686-306597,01970-890023,bthurm@yahoo.com
4267331,Billy,Venus,21 Pickwick St,Sutton cum Duckmanton,Derbyshire,S44 5DS,01537-356648,01703-435212,billy.venus@yahoo.com
19826,Brynn,Elkan,21 Pilgrim St,Leighton-Linslade,Bedfordshire,LU7 2NZ,01388-416867,01345-625433,brynn@yahoo.com
2538697,Elroy,Piehler,21 Pilgrim St,Leighton-Linslade,Bedfordshire,LU7 2NZ,01589-654152,01586-387018,epiehler@piehler.co.uk
9147589,Anisha,Shulick,211 Hobart St,Newquay,Cornwall,TR7 1LS,01780-704167,01268-233798,ashulick@yahoo.com
8487033,Bettina,Kham,218 Greenbank Drive,Devizes,Wiltshire,SN10 3DU,01355-192668,01340-622388,bettina.kham@kham.co.uk
2151669,Velda,Mancilla,22 Delamore St,Hereford,Hereford and Worcester,HR1 2EA,01823-526645,01368-456268,velda_mancilla@mancilla.co.uk
5058167,Marta,Brace,22 Delamore St,Hereford,Hereford and Worcester,HR1 2EA,01777-469402,01631-454193,marta.brace@brace.co.uk
4240761,Juan,Vanwyhe,22 Harewood St #95,Acton Trussell and Bednall,Staffordshire,ST17 0RU,01961-642757,01728-150282,juan_vanwyhe@gmail.com
1093870,Lelia,Filion,22 Kilshaw St,Wimbledon Park Ward,Greater London,SW19 7DT,01367-136951,01322-715065,lelia.filion@filion.co.uk
979065,Una,Frankel,22 Kilshaw St,Wimbledon Park Ward,Greater London,SW19 7DT,01912-749219,01308-356704,ufrankel@hotmail.com
195166,Eva,Joulwan,2200 Nelson St #58,Newport,Isle of Wight,PO30 5AL,01779-720349,01961-802899,eva.joulwan@gmail.com
7949574,Mammie,Dormanen,2258 Benedict St,Penryn,Cornwall,TR10 8RP,01527-579687,01439-184366,mammie_dormanen@hotmail.com
423815,Jeannetta,Coolidge,227 Albert Terrace,Belvedere Ward,Greater London,DA17 6EF,01927-790069,01440-276155,jeannetta_coolidge@gmail.com
298703,Elbert,Drawe,231 Wordsworth St,Harrow Weald Ward,Greater London,HA3 6TH,01753-784273,01496-526674,edrawe@drawe.co.uk
4774009,Lenny,Gazzola,231 Wordsworth St,Harrow Weald Ward,Greater London,HA3 6TH,01312-233253,01342-706893,lenny.gazzola@yahoo.com
6315499,Mira,Alpheaus,236 Blantyre Rd,Everton Ward,Merseyside,L6 2EN,01241-273991,01381-836777,mira.alpheaus@yahoo.com
539307,Cathern,Ungar,2427 Olney St #7,Amersham,Buckinghamshire,HP6 6JH,01898-134749,01266-671305,cathern.ungar@ungar.co.uk
9915006,Malcom,Fleckles,2449 Amberly St #6364,Temple Newsam Ward,West Yorkshire,LS15 0PQ,01478-110943,01937-120539,malcom.fleckles@gmail.com
4962065,Monroe,Damato,2476 Marsh St,Markhouse Ward,Greater London,E17 8NP,01402-733903,01440-164945,mdamato@damato.co.uk
8266653,Leota,Fletchen,2476 Marsh St,Markhouse Ward,Greater London,E17 8NP,01358-446391,01414-780251,lfletchen@gmail.com
9320700,Berry,Gutoski,25 Dale St #2,Kirkintilloch East and Twechar,East Dunbartonshire,G66 3LX,01448-211489,01929-400879,berry@gmail.com
5545933,Meghan,Riherd,25 Dale St #2,Kirkintilloch East and Twechar,East Dunbartonshire,G66 3LX,01462-474800,01650-129106,meghan@riherd.co.uk
7950948,Mike,Torner,25 Village St,Elgin City South Ward,Moray,IV30 1SB,01240-600327,01408-918612,mike_torner@torner.co.uk
7220423,Elsa,Delisle,2546 Hunter St,Central Buchan Ward,Aberdeenshire,AB53 6YD,01537-525550,01204-471598,elsa_delisle@gmail.com
7286331,Linwood,Rosenlof,2546 Hunter St,Central Buchan Ward,Aberdeenshire,AB53 6YD,01546-942059,01244-769346,linwood.rosenlof@yahoo.com
2614422,Latosha,Alexy,256 Vesuvius St #159,Stutton with Hazlewood,North Yorkshire,LS24 9UA,01704-508066,01662-268374,latosha@yahoo.com
4739875,Alexia,Meenan,2577 Toxteth St #5,Overton Ward,Lancashire,BB6 7UN,01560-328739,01270-931388,alexia.meenan@meenan.co.uk
1795673,Graham,Stanwick,2577 Toxteth St #5,Overton Ward,Lancashire,BB6 7UN,01860-191930,01409-786106,gstanwick@gmail.com
486878,Elinore,Fulda,2725 Underley St #6452,Grangemouth Ward,Falkirk,FK3 8UB,01457-837447,01403-864306,elinore.fulda@fulda.co.uk
2997436,Lisbeth,Creecy,2732 Bostock St #1,St. Enoder,Cornwall,TR9 6NJ,01931-620849,01825-623398,lcreecy@gmail.com
7878765,Eloisa,Faurote,275 Peel Sq,Park Ward,North Eart Lincolnshire,DN32 0PT,01337-695353,01747-999761,eloisa.faurote@hotmail.com
192532,Shawana,Cantua,2767 Pembroke St #979,Roundway,Wiltshire,SN10 3FQ,01413-348876,01659-621050,shawana@yahoo.com
3212389,Alyssa,Ansbro,28 Berwick St,Moordown Ward,Bournemouth,BH9 1TT,01632-887825,01585-967862,alyssa_ansbro@gmail.com
2764265,Kyoko,Mcmillian,28 Berwick St,Moordown Ward,Bournemouth,BH9 1TT,01235-173362,01371-735347,kyoko_mcmillian@gmail.com
5749126,Terry,Gauthier,28 Berwick St,Moordown Ward,Bournemouth,BH9 1TT,01555-550015,01793-749131,tgauthier@yahoo.com
8922371,Sena,Langenbach,29 Oregon St,Ruddington,Nottinghamshire,NG11 6JT,01756-678490,01836-695245,sena.langenbach@hotmail.com
5447302,Cristen,Nesset,293 Vivian St,South Jesmond Ward,Tyne and Wear,NE2 1EY,01354-864473,01994-347546,cnesset@nesset.co.uk
1957632,Lashawn,Ker,293 Vivian St,South Jesmond Ward,Tyne and Wear,NE2 1EY,01676-780022,01470-187069,lashawn.ker@gmail.com
5296766,Wade,Sovel,3 Alder St,Eaton Park Ward,Stoke-on-Trent,ST2 9AW,01712-978062,01317-960371,wade@hotmail.com
538815,Whitney,Tishler,3 August Rd,Maybury and Sheerwater Ward,Surrey,GU21 5QL,01224-605237,01948-891701,whitney@gmail.com
1043860,Deja,Conatser,3 August Rd,Maybury and Sheerwater Ward,Surrey,GU21 5QL,01378-234592,01879-981256,deja.conatser@hotmail.com
2302223,Earnestine,Casper,3 August Rd,Maybury and Sheerwater Ward,Surrey,GU21 5QL,01807-346103,01260-744622,earnestine_casper@hotmail.com
7309462,Frankie,Marruffo,3 Burnall St,Keighley,West Yorkshire,BD20 6DA,01295-678319,01966-999493,fmarruffo@gmail.com
1424286,Paola,Dease,3 Byng St #524,Pinhoe Ward,Devon,EX1 3SF,01333-642646,01419-231768,pdease@gmail.com
6604545,Rodrigo,Hawkin,3 Byng St #524,Pinhoe Ward,Devon,EX1 3SF,01936-611490,01280-275755,rodrigo@hotmail.com
1396244,Luther,Alsman,3 Copenhagen Rd,George St,Aberdeenshire,AB25 3UZ,01536-639256,01494-500403,luther@gmail.com
6119607,Casey,Dondero,3 Copenhagen Rd,George St,Aberdeenshire,AB25 3UZ,01728-100333,01862-338494,casey.dondero@hotmail.com
1274055,Ressie,Bontemps,3 Gaskell St,Tynemouth Ward,Tyne and Wear,NE30 2NB,01996-854517,01616-608138,ressie_bontemps@bontemps.co.uk
8388319,Sean,Schurman,3 Greenleaf St #5644,Blyth,Northumberland,NE24 2RY,01773-139510,01423-385669,sean.schurman@schurman.co.uk
3371641,Celestina,Pince,3 Ivyleigh,Loundsley Green Ward,Derbyshire,S40 4LW,01763-475078,01434-734867,cpince@pince.co.uk
959522,Maira,Karas,30 Daulby St,Brympton,Somerset,BA20 2EJ,01582-839217,01927-384903,maira.karas@yahoo.com
7123442,Beth,Barbone,30 Marine Parade #1,Staina Ward,Lancashire,FY5 4FN,01210-926114,01521-151330,bbarbone@barbone.co.uk
7395887,Wei,Nobel,30 Marine Parade #1,Staina Ward,Lancashire,FY5 4FN,01912-146880,01608-570699,wei_nobel@hotmail.com
8686188,Melissia,Slotemaker,30 Seville St,Meads Ward,East Sussex,BN20 7QU,01515-360513,01936-295031,mslotemaker@gmail.com
9546088,Letha,Akey,3055 Creswick St,Newbold and Brownsover Ward,Warwickshire,CV21 1LN,01694-424205,01605-583419,letha_akey@akey.co.uk
3887777,Isaac,Semrad,3060 St Ambrose Grove #261,Aldridge Central and South War,West Midlands,WS9 8UR,01939-738818,01798-503274,isaac.semrad@semrad.co.uk
435614,Kristine,Klipfel,3145 Rhyl St,Londesborough,E Riding of Yorkshire,YO43 3QE,01710-435506,01396-935784,kristine.klipfel@yahoo.com
853393,Odette,Moussette,32 High Park St #44,St. Margarets with St. Nichola,Norfolk,PE30 1QE,01712-248851,01626-260974,odette_moussette@gmail.com
1138088,Hobert,Panfilov,32 High Park St #44,St. Margarets with St. Nichola,Norfolk,PE30 1QE,01245-353227,01518-554407,hobert@gmail.com
4794600,Isadora,Mchughes,32 High Park St #44,St. Margarets with St. Nichola,Norfolk,PE30 1QE,01526-145485,01338-403471,isadora.mchughes@mchughes.co.uk
5319439,Emily,Pogorelc,328 Havelock St #61,Addlestone Bourneside Ward,Surrey,KT15 2NL,01416-913482,01439-493163,emily.pogorelc@yahoo.com
8418422,Desire,Barresi,33 Vipond St,Woodhall Farm Ward,Hertfordshire,HP2 7JP,01819-701096,01970-482055,desire@gmail.com
3767000,Rosalind,Stamps,338 Alfonso Rd,Alphington Ward,Devon,EX2 8LL,01918-999052,01736-843257,rosalind.stamps@stamps.co.uk
4146845,Vernell,Connley,3409 Benns Gardens,Hollington Ward,East Sussex,TN38 9NE,01954-363885,01585-863534,vernell@hotmail.com
8127981,Micheline,Mathieson,341 Birchfield St,Wareham St. Martin,Dorset,BH16 6JJ,01857-518738,01247-541211,micheline.mathieson@yahoo.com
6517789,Nathan,Outhouse,35 Dublin St,Cirencester,Gloucestershire,GL7 2EY,01555-702650,01364-499130,nathan.outhouse@gmail.com
2847514,Allene,Burau,35 Elton St #3,Ipplepen,Devon,TQ12 5LL,01731-825958,01260-963065,allene.burau@hotmail.com
2535411,Julie,Sakshaug,35 Elton St #3,Ipplepen,Devon,TQ12 5LL,01225-180983,01641-570473,julie@gmail.com
4889389,Francisca,Shuhi,35 Walton Lane,Loughborough Ashby Ward,Leicestershire,LE11 4PF,01345-878334,01639-663121,fshuhi@shuhi.co.uk
8893467,Marisha,Wilcoxon,352 Strathmore Rd,Shiphay-with-the-Willows Ward,Devon,TQ2 7JB,01257-461104,01422-891030,marisha.wilcoxon@gmail.com
3832402,Telma,Maraia,353 Standish St #8264,Little Parndon and Hare Street,Hertfordshire,CM20 2HT,01500-649863,01531-881940,telma@maraia.co.uk
4115632,Luke,Crete,3612 Bixteth St,Hucknall North Ward,Nottinghamshire,NG15 8DD,01375-820236,01268-175772,luke.crete@crete.co.uk
377685,Hubert,Mias,363 Vandries St,Milton Ward,Essex,SS0 7TF,01408-965643,01857-225719,hubert.mias@gmail.com
507978,Janella,Altobell,37 Langham St #948,St. Georges Hill Ward,Surrey,KT13 0AZ,01746-505364,01411-597527,jaltobell@hotmail.com
3562180,Angelo,Lavista,37 Langham St #948,St. Georges Hill Ward,Surrey,KT13 0AZ,01544-247601,01210-307796,angelo.lavista@gmail.com
8572600,Tran,Mandiola,37 Meadow St,Laindon Park Ward,Essex,SS15 6LE,01609-235350,01957-151083,tran.mandiola@hotmail.com
1580007,Reynalda,Vanhooser,3768 Hey Green Rd,Hartshill,Warwickshire,CV10 0TH,01951-872658,01350-811035,reynalda@vanhooser.co.uk
1517795,Salley,Rieger,3768 Hey Green Rd,Hartshill,Warwickshire,CV10 0TH,01858-162078,01992-655281,salley.rieger@gmail.com
7236996,Cheryll,Yurich,38 Raffles St,Newmarket,Cambridgeshire,CB8 8QE,01780-380120,01494-202350,cheryll_yurich@yurich.co.uk
1787485,Crista,Viengxay,3833 Sidney Rd,Cherryfield Ward,Merseyside,L32 3XS,01976-784016,01584-387727,crista@yahoo.com
188504,Lino,Sutulovich,39 Wye St,Wakefield North Ward,West Yorkshire,WF1 1DR,01316-590173,01980-890046,lino.sutulovich@gmail.com
3269576,Galen,Wendorf,39 Wye St,Wakefield North Ward,West Yorkshire,WF1 1DR,01220-653456,01420-489285,galen.wendorf@wendorf.co.uk
8683928,Gilbert,Langarica,3922 Leda St,Moreton Morrell,Warwickshire,CV35 9BX,01455-565046,01432-324277,gilbert.langarica@gmail.com
7412035,Whitney,Goossen,4 Candia St #6,Shipston on Stour,Warwickshire,CV36 4HE,01255-383731,01392-955534,whitney.goossen@hotmail.com
9926968,Socorro,Abrahams,4 Covent Garden,Farnworth Ward,Greater Manchester,BL4 7AF,01311-567052,01387-779081,socorro_abrahams@abrahams.co.uk
6891604,Mauricio,Flam,4 Forrest St,Weston-Super-Mare,North Somerset,BS23 3HG,01640-813748,01829-160968,mflam@gmail.com
9583066,Phillip,Aloi,4 Monmouth Rd,Llwyn-y-Pia Community,Rhondda Cynon Taff,CF40 2JJ,01490-898175,01867-710914,paloi@hotmail.com
7212644,Gilberto,Erixon,4 Northbrook St #600,Edmonton Green Ward,Greater London,N18 2NF,01582-161403,01749-718702,gerixon@gmail.com
1344227,Thad,Puskarich,4 Northbrook St #600,Edmonton Green Ward,Greater London,N18 2NF,01506-152661,01686-258819,thad_puskarich@puskarich.co.uk
7510217,Bambi,Favaron,4 Ogwen St,Chichester,West Sussex,PO19 9PF,01676-354943,01588-347636,bambi.favaron@yahoo.com
326248,Marshall,Kozikowski,4 Peach St #5112,Halstead,Kent,TN14 7EF,01913-454226,01738-622885,marshall@hotmail.com
4781286,Chery,Wiederin,4 Peach St #5112,Halstead,Kent,TN14 7EF,01274-659801,01411-236922,cwiederin@yahoo.com
9160382,Eileen,Montecalvo,4 Peover St,Walcot Ward,Bath Avon,BA1 6EF,01904-227024,01278-578708,eileen@yahoo.com
2342976,Melita,Szpak,4 Sherwood St,Speke-Garston Ward,Merseyside,L24 6SH,01431-484822,01294-348695,melita.szpak@szpak.co.uk
9055561,Ashley,Jessie,4 Vivian St,Corporation Park Ward,Lancashire,BB2 6LB,01740-739731,01598-368995,ashley_jessie@jessie.co.uk
7407465,Laila,Fend,40 Peters Lane,Long Preston,North Yorkshire,BD23 4NF,01550-206220,01624-621665,lfend@gmail.com
4639010,Bobbie,Guillereault,4041 Virgil St,Headley,Surrey,KT18 6PZ,01496-781616,01606-682963,bguillereault@gmail.com
2841043,Dana,Paluszynski,41 Canning St,Steornabhagh a Deas Ward,Western Isles,HS1 2PZ,01847-224345,01907-198323,dpaluszynski@paluszynski.co.uk
290116,Freida,Newyear,41 Canning St,Steornabhagh a Deas Ward,Western Isles,HS1 2PZ,01773-691786,01890-803440,freida_newyear@yahoo.com
4496082,Val,Cellucci,4190 Seacombe St,Tiffield,Northamptonshire,NN12 8AA,01387-155607,01488-893833,vcellucci@yahoo.com
6988780,Horace,Knapp,42 Eastwood St,Walton Ward,Cambridgeshire,PE4 6HB,01924-556297,01459-140651,horace.knapp@yahoo.com
7128798,Joana,Reinecke,42 Hey Green Rd,Deepdale Ward,Lancashire,PR1 6TL,01320-402522,01866-827990,jreinecke@reinecke.co.uk
4059408,Tiara,Schlichter,42 Hey Green Rd,Deepdale Ward,Lancashire,PR1 6TL,01270-562265,01769-234788,tiara_schlichter@schlichter.co.uk
7574480,Dacia,Swaisgood,425 Howley St,Gaer Community,Newport,NP20 3DE,01984-926059,01275-123842,dacia.swaisgood@swaisgood.co.uk
3696488,Myong,Babineaux,4309 Chisenhale St,Rock,Hereford and Worcester,DY14 9XQ,01897-419567,01801-288675,mbabineaux@babineaux.co.uk
8431799,Gene,Bleile,4309 Chisenhale St,Rock,Hereford and Worcester,DY14 9XQ,01257-354396,01546-626491,gene_bleile@bleile.co.uk
8764579,Kanisha,Difiora,4309 Chisenhale St,Rock,Hereford and Worcester,DY14 9XQ,01770-697837,01426-535429,kanisha@gmail.com
6399508,Ayesha,Moeder,4410 Tarlton St,Prestatyn Community,Denbighshire,LL19 9EG,01284-871485,01800-737237,ayesha@gmail.com
5052379,Lanie,Smalarz,4410 Tarlton St,Prestatyn Community,Denbighshire,LL19 9EG,01218-415062,01279-431606,lanie.smalarz@yahoo.com
2771809,Jaleesa,Polintan,45 Bradfield St #166,Parwich,Derbyshire,DE6 1QN,01507-519053,01973-332478,jpolintan@polintan.co.uk
6758538,Tamekia,Flotow,45 Ledward St,Wilsden,West Yorkshire,BD15 0NJ,01794-317624,01958-330790,tamekia.flotow@hotmail.com
3808395,Ula,Otey,464 Back Nile St #618,Acton Central Ward,Greater London,W3 6QJ,01291-565542,01581-469043,ula@hotmail.com
1736494,Rosendo,Ratel,464 Back Nile St #618,Acton Central Ward,Greater London,W3 6QJ,01404-343160,01276-749323,rratel@yahoo.com
4196954,Timmy,Lintner,4679 Curzon St,Central Ward,Lancashire,BB5 0SJ,01651-232745,01711-826233,tlintner@hotmail.com
4054327,Zita,Speltz,4687 Atherton St,Springfield Ward,West Midlands,B11 4HB,01368-497445,01215-755682,zita_speltz@yahoo.com
1198024,Aleisha,Lemm,4687 Atherton St,Springfield Ward,West Midlands,B11 4HB,01341-997268,01864-899304,aleisha.lemm@gmail.com
8284873,Naomi,Lavezzo,476 Starkie St,Westgate Ward,Gloucestershire,GL1 1QW,01469-888112,01367-310764,naomi.lavezzo@yahoo.com
6698591,Aretha,Bowling,476 Starkie St,Westgate Ward,Gloucestershire,GL1 1QW,01816-462521,01486-709301,aretha@hotmail.com
6180960,Mila,Figuera,476 Starkie St,Westgate Ward,Gloucestershire,GL1 1QW,01300-650262,01573-159208,mila_figuera@yahoo.com
6958564,Orville,Zuehl,484 Barry St,Shiney Row Ward,County Durham,DH4 7RG,01998-694754,01752-405851,orville_zuehl@zuehl.co.uk
7762222,Gabriele,Geschke,488 Mulberry St,Ravenshead,Nottinghamshire,NG15 9AE,01404-425588,01902-692529,gabriele@geschke.co.uk
4857724,Kara,Jaquish,4919 Lime Grove,Whitchurch Urban,Cheshire,SY13 4HB,01691-316298,01503-303797,kara@yahoo.com
4649968,Kenny,Lin,4919 Lime Grove,Whitchurch Urban,Cheshire,SY13 4HB,01753-900033,01473-417906,kenny@lin.co.uk
1518266,Vashti,Sugai,4920 Fazakerley Rd,Plymstock Dunstone Ward,Devon,PL9 8RD,01311-723137,01528-551210,vashti@gmail.com
9125191,Jordan,Handsaker,493 Wellington Rd,Upper Rawcliffe-with-Tarnacre,Lancashire,PR3 0UH,01793-443665,01964-984369,jordan_handsaker@gmail.com
7818961,Carisa,Degenhardt,5 Bentinck St,Churchill Ward,Greater London,SW1V 3EW,01911-775929,01913-319581,carisa.degenhardt@degenhardt.co.uk
3990092,Audrie,Danaher,5 Bentinck St,Churchill Ward,Greater London,SW1V 3EW,01344-670413,01956-885635,adanaher@yahoo.com
257042,Shaunna,Rodamis,5 Eyes St,Mid and Upper Nithsdale Ward,Dumfries and Galloway,DG4 6LF,01658-509610,01529-959860,shaunna.rodamis@yahoo.com
864976,Coleen,Langer,5 Eyes St,Mid and Upper Nithsdale Ward,Dumfries and Galloway,DG4 6LF,01956-525612,01746-728526,coleen.langer@hotmail.com
6984016,Katie,Choinski,5 Gainsborough Rd,Newington Ward,Greater London,SE1 6EH,01606-772920,01762-227896,katie@choinski.co.uk
6688993,Dannie,Brau,5 Hygeia St,Loundsley Green Ward,Derbyshire,S40 4LY,01675-779811,01380-595884,dbrau@brau.co.uk
2384015,Ashanti,Donn,5 Hygeia St,Loundsley Green Ward,Derbyshire,S40 4LY,01352-599278,01721-697548,adonn@yahoo.com
9541638,Madalyn,Dubberly,5 Ruskin St,Irvine East Ward,North Ayrshire,KA11 2BP,01974-720949,01910-745476,madalyn.dubberly@gmail.com
6280651,Santos,Signore,501 Sandon Terrace #200,Little Clacton,Essex,CO16 9LZ,01614-431131,01670-346228,santos@gmail.com
8941459,Alyce,Flamino,505 Exeter Rd,Hawerby cum Beesby,Lincolnshire,DN36 5RP,01361-927368,01678-781372,alyce@yahoo.com
9587350,Pearly,Ero,505 Exeter Rd,Hawerby cum Beesby,Lincolnshire,DN36 5RP,01329-374051,01408-866700,pero@hotmail.com
3067964,Cherrie,Nitschke,51 Freehold St #224,Wheatley Ward,"Yorkshire, South",DN2 4PP,01373-498883,01955-289452,cherrie_nitschke@yahoo.com
4420087,Maia,Shadd,51 Freehold St #224,Wheatley Ward,"Yorkshire, South",DN2 4PP,01950-708083,01295-412046,maia_shadd@gmail.com
7389307,Edwin,Logghe,51 St Anne St #12,Stratfield Mortimer,Berkshire,RG7 3RA,01366-667615,01627-549610,edwin_logghe@hotmail.com
6751434,Leigha,Semenza,510 Belvidere Rd,Patching Hall Ward,Essex,CM1 4BY,01406-216625,01286-731684,lsemenza@yahoo.com
9212215,Walker,Seeger,510 Belvidere Rd,Patching Hall Ward,Essex,CM1 4BY,01245-616596,01531-463162,walker.seeger@yahoo.com
7633556,Nakita,Rodrigues,5147 Blackstone St,Letchworth South West Ward,Hertfordshire,SG6 3LE,01679-150583,01607-496390,nakita_rodrigues@gmail.com
5946825,Kattie,Ozane,5149 Maria Rd,Peterlee,County Durham,SR8 5RL,01322-491007,01807-524286,kozane@gmail.com
3832849,Lamar,Suite,52 Morningside Rd #1,Cilybebyll Community,Neath Port Talbot,SA8 3HE,01716-613102,01885-144424,lsuite@yahoo.com
7944261,Juliana,Uken,52 Morningside Rd #1,Cilybebyll Community,Neath Port Talbot,SA8 3HE,01962-844141,01981-109913,juliana.uken@yahoo.com
3311291,Chan,Loftin,52 Morningside Rd #1,Cilybebyll Community,Neath Port Talbot,SA8 3HE,01507-583669,01698-163177,chan@gmail.com
5826819,Delpha,Detamore,52 Trowbridge St,Knightsbridge and Belgravia Wa,Greater London,SW1X 9HB,01322-480025,01517-750609,delpha.detamore@yahoo.com
4824778,Floyd,Tivis,526 Liffey St #759,Westbury,Wiltshire,BA13 3QU,01882-970809,01838-712829,floyd_tivis@hotmail.com
8370179,Chantell,Besong,527 Harding St,Market Rasen,Lincolnshire,LN8 3AD,01607-329400,01218-142767,chantell_besong@gmail.com
9313808,Martin,Fonua,527 Harding St,Market Rasen,Lincolnshire,LN8 3AD,01919-185409,01921-686016,mfonua@yahoo.com
7466300,Hyun,Erdman,529 Llanrwst St,Southam,Gloucestershire,GL52 8TW,01594-744010,01356-404829,hyun@gmail.com
2764201,Nada,Arey,5344 Bengel St #5,Millwall Ward,Greater London,E14 5DR,01576-627827,01822-753601,nada@hotmail.com
6195931,Elizabeth,Pata,5344 Bengel St #5,Millwall Ward,Greater London,E14 5DR,01634-662999,01571-674820,elizabeth@gmail.com
3300574,Dominic,Washmuth,5344 Bengel St #5,Millwall Ward,Greater London,E14 5DR,01725-615270,01722-996936,dwashmuth@hotmail.com
394057,Alise,Packebush,5382 Redfern St,West End Ward,Greater London,W1J 0QH,01266-695304,01517-702273,alise.packebush@gmail.com
4590234,Flo,Bardsley,5382 Redfern St,West End Ward,Greater London,W1J 0QH,01983-847833,01418-645161,flo.bardsley@hotmail.com
7468451,Bonita,Sandblom,5396 Forth Street,Greets Green and Lyng Ward,West Midlands,B70 9DT,01989-617161,01723-502274,bsandblom@gmail.com
7162558,Royal,Rush,5396 Forth Street,Greets Green and Lyng Ward,West Midlands,B70 9DT,01934-427282,01809-860488,royal.rush@yahoo.com
3088767,Erasmo,Talentino,5396 Forth Street,Greets Green and Lyng Ward,West Midlands,B70 9DT,01492-454455,01304-185373,erasmo.talentino@hotmail.com
1982513,Mari,Smeby,5410 Lawton St,Treorchy Community,Rhondda Cynon Taff,CF42 6PL,01423-202676,01733-169475,msmeby@gmail.com
240469,Eleonora,Ventry,545 North John St,Cobham and Downside Ward,Surrey,KT11 2HT,01966-685595,01762-396161,eleonora@gmail.com
7980233,Therese,Shiraki,5466 Sedley St,Coatbridge South Ward,North Lanarkshire,ML5 4LJ,01611-691262,01703-441371,tshiraki@gmail.com
2748689,Rodolfo,Scavuzzo,55 Margaret Rd,Heaton Ward,"Yorkshire, West",BD9 4DA,01576-536794,01501-755479,rodolfo_scavuzzo@yahoo.com
9364709,Cruz,Fanelli,55 Margaret Rd,Heaton Ward,"Yorkshire, West",BD9 4DA,01710-616480,01314-202428,cruz@hotmail.com
8461470,Arlyne,Dellinger,553 Picton Rd,Astley Mosley Common Ward,Greater Manchester,M29 7AA,01907-958462,01821-459979,arlyne.dellinger@yahoo.com
7261397,Edward,Strejan,553 Picton Rd,Astley Mosley Common Ward,Greater Manchester,M29 7AA,01242-422459,01659-505806,edward_strejan@gmail.com
5948893,Christoper,Sheneman,5679 Gloucester Pl,Calton Ward,Dunbartonshire,G40 4BH,01455-958797,01732-922087,christoper@gmail.com
3553782,Melda,Colamarino,5679 Gloucester Pl,Calton Ward,Dunbartonshire,G40 4BH,01879-572287,01708-292140,melda.colamarino@colamarino.co.uk
8068781,Margot,Peay,57 St Georges Hill,Crawcrook and Greenside Ward,Tyne and Wear,NE40 4LJ,01925-895879,01913-339706,margot.peay@yahoo.com
8388626,Gerald,Drozdenko,588 Venmore St,Twickenham Riverside Ward,Greater London,TW1 2QH,01593-647422,01210-465236,gdrozdenko@yahoo.com
3945201,Tomoko,Renno,588 Venmore St,Twickenham Riverside Ward,Greater London,TW1 2QH,01731-573285,01873-329707,tomoko@renno.co.uk
4503183,Mendy,Wassmann,59 Charles St,Victoria Ward,Kent,TN23 4GF,01378-845450,01509-540345,mendy.wassmann@wassmann.co.uk
5327282,Daryl,Hilcher,59 Westminster Rd,Empress Ward,Hampshire,GU14 8AY,01391-238570,01517-862819,dhilcher@hotmail.com
6768168,Ty,Feeback,592 Catharine St,Blantyre Ward,South Lanarkshire,G72 0RZ,01964-503521,01661-450622,tfeeback@gmail.com
3430293,King,Vanacore,592 Catharine St,Blantyre Ward,South Lanarkshire,G72 0RZ,01908-714833,01651-442812,king_vanacore@yahoo.com
1159674,Isidra,Varnado,593 Kinglake St,Fowlmere,Cambridgeshire,SG8 7TP,01600-982590,01591-464964,ivarnado@varnado.co.uk
7112986,Tonja,Driesenga,6 Cannock St,Scarcroft,West Yorkshire,LS14 3BW,01683-204727,01384-883931,tdriesenga@driesenga.co.uk
9616937,Shaquana,Featherston,6 Chestnut St,Gwersyllt Community,Wrexham,LL11 4RJ,01641-726098,01327-255886,shaquana@hotmail.com
1237564,Gilberto,Feagins,6 Norwood Grove,Tanworth-in-Arden,Warwickshire,B94 5RZ,01304-758732,01315-831243,gfeagins@gmail.com
722157,Rex,Faehnle,6 Princes St,East Kilbride West Ward,South Lanarkshire,G75 8YR,01955-496773,01529-779988,rfaehnle@faehnle.co.uk
3942646,Adolph,Cunningham,6 Romilly St,Walkergate Ward,Tyne and Wear,NE6 4YH,01731-429712,01252-511174,adolph_cunningham@hotmail.com
2659717,Queen,Leader,6 Romilly St,Walkergate Ward,Tyne and Wear,NE6 4YH,01567-846944,01445-288807,queen_leader@gmail.com
3989510,Rebbecca,Rufenacht,6 St Hilda St,Central Ward,South Yorkshire,S1 1EQ,01583-168158,01926-842843,rrufenacht@yahoo.com
5569731,Ardella,Goldrup,6 St Hilda St,Central Ward,South Yorkshire,S1 1EQ,01813-786468,01451-433176,ardella.goldrup@goldrup.co.uk
3857475,Dallas,Miyashiro,603 Pall Mall,Layton Ward,Lancashire,FY3 8ND,01356-551432,01752-585779,dallas_miyashiro@miyashiro.co.uk
179970,Vivan,Jenious,6061 Back Nile St,Rhos-on-Sea Community,Conwy,LL28 4NL,01907-573672,01404-240746,vjenious@yahoo.com
9204477,Han,Dzledzic,6061 Back Nile St,Rhos-on-Sea Community,Conwy,LL28 4NL,01532-163009,01303-831633,han_dzledzic@hotmail.com
7427361,Emilio,Guitierrez,61 Miriam St,Abbey Road Ward,Greater London,NW8 9BD,01845-679016,01363-466980,emilio_guitierrez@guitierrez.co.uk
6291452,Latia,Cos,61 Miriam St,Abbey Road Ward,Greater London,NW8 9BD,01695-303367,01871-192422,lcos@yahoo.com
7125343,Lilli,Cureau,61 Rossett St,Chichester,West Sussex,PO19 1RH,01752-399931,01363-139614,lilli@yahoo.com
909422,Maryanne,Siske,61 Rossett St,Chichester,West Sussex,PO19 1RH,01455-447890,01597-966938,maryanne@hotmail.com
4969345,Eliz,Strimple,6174 Botanic Pl,Ravensthorpe Ward,Cambridgeshire,PE3 7BJ,01699-467608,01844-754890,eliz@gmail.com
3835274,Laura,Gumaer,62 Euston St,Bunhill Ward,Greater London,EC1Y 8RT,01821-208235,01798-839362,laura_gumaer@gmail.com
2727629,Leanora,Respicio,62 Margaret St,Royal Hospital Ward,Greater London,SW3 4ND,01564-503370,01694-477023,lrespicio@respicio.co.uk
7284073,Sherell,Pomarico,622 Holmes St,Heath Town Ward,Staffordshire,WV10 0AW,01523-372834,01323-831572,spomarico@hotmail.com
2208935,Charlie,Isita,6226 Maitland St,West Bromwich Central Ward,West Midlands,B70 6DR,01295-844061,01796-315694,charlie@isita.co.uk
5477702,Veronique,Nuckolls,623 Cornhill,Stretton,Staffordshire,DE13 0DH,01632-762032,01699-696279,vnuckolls@gmail.com
7489316,Antonio,Villamarin,623 Cornhill,Stretton,Staffordshire,DE13 0DH,01559-403415,01388-777812,antonio.villamarin@gmail.com
5906498,Louvenia,Kincannon,6267 Greenland St,Wakefield East Ward,West Yorkshire,WF1 4LW,01315-409372,01600-973642,lkincannon@kincannon.co.uk
2035684,Roxanne,Hedegore,63 Brunswick Sq,Llanelli Rural Community,Carmarthenshire,SA15 5YN,01317-299836,01512-894063,roxanne_hedegore@gmail.com
4406617,Eve,Hoffstot,6301 Dorset Rd,Harefield Ward,Greater London,UB9 6LF,01746-129962,01314-564188,eve.hoffstot@yahoo.com
6113005,Kenda,Koza,6301 Dorset Rd,Harefield Ward,Greater London,UB9 6LF,01840-188852,01476-264977,kkoza@koza.co.uk
695855,Elden,Mercik,6352 Grosvenor St,Wombourne,Staffordshire,WV5 0LP,01539-784239,01550-347724,elden_mercik@mercik.co.uk
3116003,Kami,Ferre,64 Croyland St,Clackmannanshire South Ward,Clackmannanshire,FK10 2LA,01775-876516,01542-149965,kami@yahoo.com
2399188,Selene,Zeng,6448 Tillard St,Conisbrough and Denaby Ward,South Yorkshire,DN12 4JF,01741-833047,01345-685146,selene@yahoo.com
8335642,Deangelo,Rardon,6448 Tillard St,Conisbrough and Denaby Ward,South Yorkshire,DN12 4JF,01748-535438,01788-520912,deangelo_rardon@yahoo.com
8351355,Olen,Ailey,645 Lister Drive,Denwick,Northumberland,NE66 2LQ,01654-865551,01354-169004,olen@gmail.com
864239,Lanie,Smarsh,65 Oban Rd,St. Austell,Cornwall,PL25 5AH,01973-841918,01731-921990,lanie@yahoo.com
5978734,Lynna,Breheny,65 Oban Rd,St. Austell,Cornwall,PL25 5AH,01914-909214,01868-440687,lynna@yahoo.com
2002694,Jody,Klitzing,65 Rankin St,Woodford cum Membris,Northamptonshire,NN11 3QR,01822-390245,01783-870336,jody_klitzing@hotmail.com
3857961,Antonio,Glasford,650 Goring St,Rainham South Ward,Kent,ME8 9PN,01463-409090,01242-318420,antonio_glasford@glasford.co.uk
1133762,Merilyn,Scurci,650 Goring St,Rainham South Ward,Kent,ME8 9PN,01770-233355,01617-651554,merilyn_scurci@hotmail.com
9222112,Elliott,Kins,658 Lake St,Malmesbury,Wiltshire,SN16 0XZ,01727-926540,01422-984862,elliott@gmail.com
9218032,Leonie,Devereux,658 Lake St,Malmesbury,Wiltshire,SN16 0XZ,01515-840778,01859-764851,leonie_devereux@gmail.com
463008,Eulah,Syrop,661 Great Crosshall St,Forth Ward,City of Edinburgh,EH5 2LR,01666-133305,01295-758471,eulah@syrop.co.uk
5018051,Marsha,Tarry,662 Grove Park,Bulwell Ward,Nottinghamshire,NG6 8RG,01203-684728,01490-554237,marsha.tarry@yahoo.com
5194471,Mignon,Luger,666 Moor Place,Shepway South Ward,Kent,ME15 8ST,01934-252795,01491-473626,mignon@gmail.com
7143079,Tu,Rivet,666 Moor Place,Shepway South Ward,Kent,ME15 8ST,01578-744350,01577-559109,tu_rivet@gmail.com
8840614,Adelle,Schantini,67 Micawber St,Brockley Ward,Greater London,SE14 6RQ,01624-595660,01938-262356,adelle_schantini@yahoo.com
9582268,Douglass,Fonnesbeck,67 Micawber St,Brockley Ward,Greater London,SE14 6RQ,01305-958705,01591-592334,douglass@fonnesbeck.co.uk
9287388,Evette,Mazierski,67 Micawber St,Brockley Ward,Greater London,SE14 6RQ,01277-740331,01371-832134,emazierski@mazierski.co.uk
836594,Geraldo,Okoren,67 Pulford St,Prittlewell Ward,Essex,SS2 6NL,01374-376226,01460-792423,gokoren@okoren.co.uk
5272428,Clarinda,Pelayo,675 Falstaff St #170,Chapel-en-le-Frith,Derbyshire,SK23 0QG,01902-887021,01824-104045,cpelayo@pelayo.co.uk
1906950,Reuben,Mccorrison,6766 Britton St #379,Crompton Ward,Greater Manchester,BL1 3EX,01337-407282,01261-922803,reuben.mccorrison@hotmail.com
240339,Yen,Groody,6766 Britton St #379,Crompton Ward,Greater Manchester,BL1 3EX,01882-911812,01487-684191,ygroody@groody.co.uk
7638316,Tanja,Milne,68 Carno St,City and Hunslet Ward,West Yorkshire,LS10 1SJ,01584-615989,01646-529634,tanja.milne@yahoo.com
238957,Jerlene,Holtgrewe,68 Scotland Place,Loughborough Hastings Ward,Leicestershire,LE11 2NX,01993-956208,01993-323238,jholtgrewe@yahoo.com
6332330,Almeta,Keehner,68 Scotland Place,Loughborough Hastings Ward,Leicestershire,LE11 2NX,01291-250423,01221-177854,akeehner@hotmail.com
5581031,Wilda,Brigham,684 Cotswold St,Victoria Ward,Greater London,E9 7NG,01950-109108,01300-561046,wilda@brigham.co.uk
2426422,Remedios,Arlinghaus,684 Cotswold St,Victoria Ward,Greater London,E9 7NG,01536-498792,01883-435283,remedios.arlinghaus@gmail.com
6520866,Margret,Alcazar,69 Chantrey St #90,Hickling,Norfolk,NR12 0YB,01626-590776,01633-731246,margret@alcazar.co.uk
1341857,Denny,Casalenda,69 Chantrey St #90,Hickling,Norfolk,NR12 0YB,01349-134533,01589-277770,dcasalenda@gmail.com
5481580,Carolynn,Atkison,69 Chantrey St #90,Hickling,Norfolk,NR12 0YB,01815-665993,01508-291713,carolynn.atkison@hotmail.com
6001034,Amina,Goulbourne,690 Copenhagen Rd,Warham,Norfolk,NR23 1NJ,01536-114519,01830-969710,amina@yahoo.com
1354021,Janna,Przybyl,690 Copenhagen Rd,Warham,Norfolk,NR23 1NJ,01684-628072,01560-680129,jprzybyl@przybyl.co.uk
3805139,Emiko,Sayre,6949 Bourne St,Lye and Stourbridge North Ward,West Midlands,DY5 2QP,01660-135336,01348-284404,emiko.sayre@yahoo.com
6618487,In,Muns,6996 Wrenbury St,Foleshill Ward,West Midlands,CV6 5RS,01574-363346,01381-491881,in_muns@muns.co.uk
3468084,Eleni,Vanscoik,7 Britannia Ave #875,Newton-with-Clifton,Lancashire,PR4 3RQ,01208-373467,01628-638196,eleni_vanscoik@gmail.com
3978667,Kandis,Alsbury,7 Canton St,Mildmay Ward,Greater London,N1 4RF,01797-837270,01651-807856,kalsbury@hotmail.com
5579084,Kina,Saltman,7 Carolina St,Bodmin,Cornwall,PL31 1QF,01515-506025,01788-849591,kina_saltman@gmail.com
1501051,Jacki,Sterback,7 Cheapside #9,St. Ive,Cornwall,PL14 5PA,01820-396117,01935-736077,jacki.sterback@gmail.com
6741987,Fallon,Kerfoot,7 Cheapside #9,St. Ive,Cornwall,PL14 5PA,01538-649750,01505-472052,fallon.kerfoot@gmail.com
9025141,Precious,Brabble,7 Cottenham St,Mossend and Holytown Ward,North Lanarkshire,ML1 4TD,01687-288043,01800-154821,precious_brabble@brabble.co.uk
7116293,Glory,Ona,7 Great Orford St,Callington,Cornwall,PL17 7DT,01469-868357,01535-699216,glory_ona@gmail.com
6444275,Tamesha,Tyburski,7 Haddock St #34,Saint Annes on the Sea,Lancashire,FY8 3TF,01954-979729,01834-599647,tamesha.tyburski@gmail.com
2712355,Brande,Cutlip,7 Haddock St #34,Saint Annes on the Sea,Lancashire,FY8 3TF,01947-472569,01502-230191,bcutlip@yahoo.com
970806,Olene,Skubis,7 Hey Green Rd #4,Rothwell Ward,West Yorkshire,LS26 8XE,01250-453315,01805-925115,olene_skubis@yahoo.com
912475,Carey,Marchetta,7 Jolliffe St,Middlewich,Cheshire,CW10 9GB,01750-379103,01498-699971,cmarchetta@hotmail.com
1362035,Launa,Torez,7 Lear Rd,Stroud,Hampshire,GU32 3PQ,01670-547878,01919-422541,launa.torez@yahoo.com
907024,Dominga,Whitrock,7 Lear Rd,Stroud,Hampshire,GU32 3PQ,01341-700830,01382-638017,dominga@whitrock.co.uk
428576,Dwight,Belyea,7 Lear Rd,Stroud,Hampshire,GU32 3PQ,01822-404490,01498-287540,dbelyea@belyea.co.uk
4279093,Cornell,Mccrossin,7 Netley St,Custom House Ward,Greater London,E16 3DP,01608-748971,01279-418098,cornell.mccrossin@mccrossin.co.uk
873754,Alverta,Topete,7 Richmond St,Parkham,Devon,EX39 5DJ,01685-141932,01665-348077,alverta.topete@gmail.com
9364015,Felicia,Claybrooks,7 Shenstone St,Longhill Ward,"Yorkshire, East (North Humbers",HU8 9PZ,01722-395799,01451-992860,felicia@claybrooks.co.uk
8438106,Carmen,Gillham,7 Varthen St,Town Ward,Kent,DA1 2DL,01692-491267,01417-973243,carmen@hotmail.com
6837945,Ashlee,Beyl,7 Water St,Priory Heath Ward,Suffolk,IP3 9RB,01832-837946,01605-854121,ashlee.beyl@hotmail.com
6769539,Vannessa,Land,70 Foster St,Inverness Ness-Side Ward,Highland,IV2 6WT,01206-207771,01553-402712,vannessa.land@yahoo.com
5654951,Patti,Rempel,70 Foster St,Inverness Ness-Side Ward,Highland,IV2 6WT,01539-157435,01334-638031,patti@rempel.co.uk
2800398,German,Meyerhoff,70 Rose Vale,Reydon,Suffolk,IP18 6PE,01790-887225,01808-674829,german@meyerhoff.co.uk
3314963,Anika,Marse,70 Royal St,Banchory and Mid Deeside Ward,Aberdeenshire,AB31 4AH,01942-654793,01654-746253,anika@marse.co.uk
465837,Cristina,Marola,7033 Micawber St,Bintree,Norfolk,NR20 5NQ,01264-145506,01538-230493,cmarola@gmail.com
27232,Lemuel,Allis,7033 Micawber St,Bintree,Norfolk,NR20 5NQ,01580-252868,01704-416123,lemuel_allis@yahoo.com
8867924,Joaquin,Hysom,714 Moored St,Trelawnyd and Gwaenysgor Commu,Denbighshire,LL18 6DH,01616-548910,01475-223867,jhysom@gmail.com
391116,Kerrie,Makuch,7199 St Clare Rd,Inverclyde South Ward,Inverclyde,PA16 7BT,01854-749084,01966-883088,kmakuch@gmail.com
4429181,Alaine,Raterman,72 Lime Place,Old Newton with Dagworth,Suffolk,IP14 4HG,01927-151413,01525-172423,alaine@hotmail.com
9308285,Shannon,Kobayashi,72 Lime Place,Old Newton with Dagworth,Suffolk,IP14 4HG,01620-435994,01436-122588,shannon@yahoo.com
3007265,Corinne,Holman,7252 Dansie St,East Finchley Ward,Greater London,N2 9JL,01933-753592,01857-675359,corinne@holman.co.uk
3870129,Heidy,Hallford,73 Hawkstone St,Renfrew South & Gallowhill War,Dunbartonshire,G52 4YG,01958-748582,01753-105955,hhallford@hotmail.com
4657848,Marylyn,Shonerd,7316 Friar St,Salvington Ward,West Sussex,BN13 3FL,01721-694690,01449-123164,marylyn_shonerd@yahoo.com
9474470,Maryln,Mortenson,7523 Kempton Rd,Cockerton West Ward,Darlington,DL3 0JF,01618-628525,01421-574935,maryln@gmail.com
2941206,Pearlie,Flori,758 Woodhouse St,Soho Ward,West Midlands,B21 0UE,01235-935599,01583-844244,pearlie_flori@gmail.com
7722252,Nina,Yaklin,76 Dawber St #6,Blackheath Westcombe Ward,Greater London,SE3 7JY,01434-621318,01370-171283,nyaklin@hotmail.com
1314315,Vivienne,Torrain,7602 Brook St #86,Broomhill Ward,Nottinghamshire,NG18 9SZ,01782-100832,01377-242360,vivienne@hotmail.com
1626172,Jacob,Kippel,7602 Brook St #86,Broomhill Ward,Nottinghamshire,NG18 9SZ,01550-463222,01567-215689,jacob.kippel@yahoo.com
9725365,Tula,Nahmias,761 Cockerell St #1,Midway Ward,Derbyshire,DE11 0HE,01846-815511,01320-223056,tnahmias@nahmias.co.uk
5173616,Berry,Scandalis,763 Parkfield Rd,Norton Canes,Staffordshire,WS11 9RH,01379-603039,01375-150068,berry.scandalis@gmail.com
234810,Kaycee,Carsten,763 Roscoe St,Lobley Hill and Bensham Ward,Tyne and Wear,NE11 0AN,01270-893129,01837-463418,kaycee.carsten@gmail.com
9715176,Melvin,Setter,7642 Ledward St,Cressington Ward,Merseyside,L19 0LN,01401-151569,01938-566719,melvin_setter@setter.co.uk
2009739,Brianne,Matsumura,7643 Campbell St,Penge and Cator Ward,Greater London,BR3 1LT,01519-417660,01979-425319,brianne@matsumura.co.uk
6994366,Eugene,Pelzer,7643 Campbell St,Penge and Cator Ward,Greater London,BR3 1LT,01839-920108,01413-591144,eugene_pelzer@gmail.com
293507,Margery,Rohrs,7643 Campbell St,Penge and Cator Ward,Greater London,BR3 1LT,01634-340524,01933-273913,margery@hotmail.com
8752405,Noel,Sarra,769 Euston St,Glastonbury,Somerset,BA6 8EY,01868-736780,01874-679913,nsarra@gmail.com
5973655,Beula,Lingo,77 Mason St #650,Smallbridge and Firgrove Ward,Greater Manchester,OL16 3AW,01322-144392,01525-977834,beula_lingo@yahoo.com
3071639,Sheridan,Mckenize,77 Mason St #650,Smallbridge and Firgrove Ward,Greater Manchester,OL16 3AW,01512-765064,01776-874349,sheridan.mckenize@hotmail.com
9955021,Dino,Meinert,77 Reading St #8,North Tawton,Devon,EX20 2TR,01802-634391,01636-635483,dino.meinert@yahoo.com
2627458,Rebbeca,Rubinstein,784 Juno St #7653,North Horsham,West Sussex,RH12 4GW,01708-724957,01862-469721,rebbeca_rubinstein@hotmail.com
2790499,Celia,Reisling,784 Juno St #7653,North Horsham,West Sussex,RH12 4GW,01309-159593,01299-509105,celia.reisling@hotmail.com
1559437,Stefania,Weatherwax,7855 Sir Thomas St #7499,Calstock,Cornwall,PL17 8AR,01698-705920,01879-295373,sweatherwax@yahoo.com
4867298,Leah,Luchterhand,7855 Sir Thomas St #7499,Calstock,Cornwall,PL17 8AR,01777-851028,01615-475126,leah@hotmail.com
1725940,Billy,Selma,79 Chelmsford St,Holywell Community,Flintshire,CH8 7UP,01270-345115,01907-239135,billy.selma@yahoo.com
9816821,Doug,Lucore,79 Chelmsford St,Holywell Community,Flintshire,CH8 7UP,01943-467489,01744-123819,dlucore@yahoo.com
9011371,Veronica,Mcclodden,792 Queens Rd,Stretford Ward,Greater Manchester,M32 8LR,01456-906658,01238-284853,veronica@hotmail.com
6118031,Laquanda,Kho,794 Hook St,Benwell and Scotswood Ward,Tyne and Wear,NE15 7JA,01725-370369,01271-465942,laquanda.kho@yahoo.com
561833,Mohammad,Poitra,8 Barlow St #6,Barlow,Derbyshire,S18 7TH,01705-240007,01216-234330,mpoitra@yahoo.com
7270366,Mozell,Westad,8 Bigham Rd,Deal,Kent,CT14 9QJ,01348-989703,01766-783716,mozell.westad@westad.co.uk
6879877,Bronwyn,Bridgford,8 Breckfield Road North,Seaham,County Durham,SR7 0AZ,01407-312329,01917-604110,bronwyn.bridgford@yahoo.com
3649779,Jeff,Brossoit,8 Gertrude St,Mossley,Greater Manchester,OL5 0QJ,01593-501965,01383-683074,jeff.brossoit@yahoo.com
6796455,Shantay,Hopman,8 Gertrude St,Mossley,Greater Manchester,OL5 0QJ,01516-850881,01252-239714,shopman@hopman.co.uk
6504166,Chantay,Jirsa,8 Gullett St,West Garioch Ward,Aberdeenshire,AB51 0HT,01721-910475,01324-899303,chantay_jirsa@jirsa.co.uk
5062169,Keneth,Stpierrie,8 Heathfield St #657,Hailsham,East Sussex,BN27 1AJ,01919-731224,01325-412836,keneth_stpierrie@hotmail.com
9677804,Alton,Rampy,8 Hinton St #8241,Stowting,Kent,TN25 6BQ,01767-568989,01506-160673,alton_rampy@gmail.com
5771251,Patrick,Teisberg,8 Jacob St,Daybrook Ward,Nottinghamshire,NG5 6JB,01842-131065,01217-730044,patrick@hotmail.com
1050375,Theron,Merriam,8 Moor Place,East Southbourne and Tuckton W,Bournemouth,BH6 3BE,01655-809574,01859-311417,theron@merriam.co.uk
7878015,Pilar,Seelig,8 Moor Place,East Southbourne and Tuckton W,Bournemouth,BH6 3BE,01356-866584,01814-760513,pilar@yahoo.com
3192500,Lashunda,Argiro,8 Tagus St #9814,Cleator Moor,Cumbria,CA25 5EF,01422-728149,01653-381714,lashunda@yahoo.com
6890617,Verda,Chiphe,8 Taylor St,Shrub End Ward,Essex,CO2 9LW,01754-426672,01349-935774,vchiphe@chiphe.co.uk
3812393,Ashley,Tropp,8 Thomaston St,Astley Bridge Ward,Greater Manchester,BL1 8RG,01951-324927,01602-307715,ashley.tropp@gmail.com
3372720,Vesta,Havely,8 Village St,Windlesham,Surrey,GU18 5YQ,01772-461124,01571-126025,vhavely@havely.co.uk
5841657,Emogene,Ritthaler,8 Village St,Windlesham,Surrey,GU18 5YQ,01681-212638,01638-969550,emogene.ritthaler@yahoo.com
3145480,Shayne,Mordhorst,80 Ellerslie Rd,Trotton with Chithurst,West Sussex,GU31 5JN,01286-279043,01450-144052,smordhorst@mordhorst.co.uk
8550409,Franchesca,Charry,80 Ellerslie Rd,Trotton with Chithurst,West Sussex,GU31 5JN,01748-827176,01707-624969,franchesca@gmail.com
9423837,Elmira,Ringlein,80 Talbot St,Edgeley and Cheadle Heath Ward,Cheshire,SK3 9RD,01934-672498,01347-140077,eringlein@gmail.com
1493552,Destiny,Madlem,80 Talbot St,Edgeley and Cheadle Heath Ward,Cheshire,SK3 9RD,01421-624966,01819-393510,destiny@yahoo.com
2826790,Gaston,Szumski,805 Westbank Rd,North Heywood Ward,Greater Manchester,OL10 2DU,01651-911453,01923-233578,gaston.szumski@hotmail.com
1868064,Ronna,Mittler,8054 Low Hill,Prestbury,Gloucestershire,GL52 3BY,01214-651738,01794-156776,ronna_mittler@hotmail.com
3847930,Angelica,Poisso,82 Denison St #2642,Holyrood Ward,Greater Manchester,M25 1JB,01472-449327,01758-700994,apoisso@gmail.com
4587549,Casie,Arzilli,82 Denison St #2642,Holyrood Ward,Greater Manchester,M25 1JB,01289-195823,01372-334070,casie@gmail.com
3588055,Magdalene,Cocherell,82 Sinclair St,Bangor Community,Gwynedd,LL57 1DW,01546-162965,01420-141828,magdalene_cocherell@yahoo.com
5062673,Erasmo,Gath,82 Waterhouse Lane,Llantrisant Community,Rhondda Cynon Taff,CF72 8LB,01445-796544,01650-307192,egath@hotmail.com
3800211,Rosalia,Ziv,82 Waterhouse Lane,Llantrisant Community,Rhondda Cynon Taff,CF72 8LB,01414-349699,01552-437406,rosalia.ziv@ziv.co.uk
9825304,Lyda,Cronholm,823 Idris St,Selston,Nottinghamshire,NG16 5LG,01672-538356,01347-674237,lyda.cronholm@cronholm.co.uk
1051647,Lisandra,Stueber,826 Rumney Rd West #7,Dingwall and Seaforth Ward,Highland,IV15 9SD,01831-806301,01876-118051,lisandra_stueber@hotmail.com
3113681,Sabina,Prok,826 Rumney Rd West #7,Dingwall and Seaforth Ward,Highland,IV15 9SD,01932-112259,01304-274937,sabina.prok@prok.co.uk
8783458,Elenore,Gomoran,8289 Cadogan St,South Ward,North Eart Lincolnshire,DN33 1AU,01470-383444,01863-322796,elenore_gomoran@yahoo.com
4534704,Brynn,Capra,8289 Cadogan St,South Ward,North Eart Lincolnshire,DN33 1AU,01963-124789,01702-314016,brynn_capra@yahoo.com
1554856,Leeann,Flory,83 Battenburg St,Girvan and South Carrick Ward,South Ayrshire,KA26 0DY,01906-807997,01997-771926,leeann@gmail.com
5818333,Janet,Steimer,83 Denbigh St Bootle,St. Gluvias,Cornwall,TR3 7AZ,01506-627051,01698-817116,janet_steimer@hotmail.com
3479205,Lewis,Mellom,8361 Cottenham St,Fawley,Hampshire,SO45 1QQ,01954-643657,01511-606180,lewis@yahoo.com
9915807,Jestine,Driscol,8361 Cottenham St,Fawley,Hampshire,SO45 1QQ,01257-928278,01811-872937,jestine_driscol@driscol.co.uk
8712698,Tatum,Parks,8361 Cottenham St,Fawley,Hampshire,SO45 1QQ,01567-457572,01818-141397,tparks@parks.co.uk
1536772,Kayleigh,Bendle,8362 Whithorn St,Leatherhead South Ward,Surrey,KT22 8AP,01312-772111,01355-733333,kayleigh.bendle@bendle.co.uk
9752406,Lili,Imondi,8388 Bessemer St #5,East Putney Ward,Greater London,SW15 2RP,01600-986258,01934-479439,lili_imondi@hotmail.com
7649395,Sunshine,Senechal,8388 Bessemer St #5,East Putney Ward,Greater London,SW15 2RP,01416-686933,01839-700945,sunshine.senechal@hotmail.com
4752134,Remona,Heier,8388 Bessemer St #5,East Putney Ward,Greater London,SW15 2RP,01718-274321,01967-508345,remona.heier@heier.co.uk
7871784,Gail,Carris,8451 Bengel St,Brixham,Devon,TQ5 9JW,01292-196869,01547-190531,gcarris@hotmail.com
8569781,Dong,Oropeza,8451 Bengel St,Brixham,Devon,TQ5 9JW,01573-788734,01955-221720,doropeza@hotmail.com
1227086,Larue,Ocacio,85 Bridgewater St,Shard End Ward,West Midlands,B34 7BP,01577-443040,01654-933782,larue@yahoo.com
6176663,Goldie,Sonkens,85 Hero St,Stanhope,County Durham,DL13 2TZ,01867-720033,01523-949034,gsonkens@sonkens.co.uk
3373797,Shelia,Plues,85 Hero St,Stanhope,County Durham,DL13 2TZ,01818-260618,01574-927461,shelia@gmail.com
8237576,Narcisa,Araiza,8598 Rumney Rd,Hylands Ward,Essex,RM11 1QL,01724-644767,01689-339758,naraiza@hotmail.com
584244,Evelynn,Frede,860 Rokeby St,Sunningdale,Berkshire,SL5 0AZ,01289-621482,01571-460710,evelynn.frede@gmail.com
303654,Arlean,Calaf,8657 Cedar St #2,Kinross-shire Ward,Perth and Kinross,KY13 8EQ,01448-395723,01407-700390,acalaf@yahoo.com
2300790,Tamra,Yu,869 Luke St,Wonersh,Surrey,GU5 0QU,01891-816938,01635-523740,tamra.yu@hotmail.com
8711594,Dusti,Maricle,869 Luke St,Wonersh,Surrey,GU5 0QU,01642-202972,01806-219415,dusti@gmail.com
9879574,Aracelis,Donham,87 Eldon Place,Read,Lancashire,BB12 7RY,01924-111018,01420-311467,aracelis.donham@hotmail.com
1115564,Filiberto,Fredrikson,87 Pelops St,Kings Norton Ward,West Midlands,B38 8PL,01559-323337,01727-322116,filiberto_fredrikson@gmail.com
3843556,Leana,Stackpole,87 Pelops St,Kings Norton Ward,West Midlands,B38 8PL,01248-325090,01386-257445,lstackpole@yahoo.com
3315517,Man,Homer,8783 High St,Milton,Cambridgeshire,CB24 6ZR,01590-219449,01855-550515,man.homer@gmail.com
862312,Lennie,Asley,88 Upper Harrington St,North East Ward,North Lanarkshire,G69 8EL,01585-487560,01802-349902,lennie_asley@gmail.com
8665101,Arletta,Naomi,88 Vernon St,Dunbar and East Linton Ward,East Lothian,EH42 1SJ,01255-805722,01518-773815,arletta_naomi@naomi.co.uk
609134,Chana,Perera,88 Vernon St,Dunbar and East Linton Ward,East Lothian,EH42 1SJ,01477-796750,01858-335054,chana.perera@hotmail.com
8676839,Nell,Pao,8822 Trafalgar St,Yalding,Kent,ME18 6JE,01308-582144,01773-576318,npao@gmail.com
7692657,Antonio,Heilig,8830 Antonio St,Gillingham North Ward,Kent,ME7 1DZ,01324-171614,01442-946357,antonio.heilig@gmail.com
7333254,Gerald,Kernagis,8977 Old Leeds St #87,Beaminster,Dorset,DT8 3DR,01504-620944,01685-678054,gerald_kernagis@kernagis.co.uk
6196252,Sueann,Mandril,8977 Old Leeds St #87,Beaminster,Dorset,DT8 3DR,01886-226100,01717-449960,smandril@hotmail.com
8042641,Alayna,Hoyal,9 Cropper St,Northgate Ward,West Sussex,RH10 1YJ,01964-720542,01983-132813,alayna_hoyal@hotmail.com
7012308,Talia,Marthe,9 Cropper St,Northgate Ward,West Sussex,RH10 1YJ,01711-170147,01607-480159,talia.marthe@gmail.com
5172007,Pansy,Kopan,9 Duckenfield St,Aldbrough,E Riding of Yorkshire,HU11 4QA,01674-842315,01627-571972,pansy@kopan.co.uk
4504884,Royce,Saik,9 Fielding St,Wombourne,Staffordshire,WV5 0BB,01972-770618,01431-812225,royce@hotmail.com
5387583,Cherelle,Sorrel,9 Herbert St,Blyth,Northumberland,NE24 3DQ,01753-327307,01212-458253,cherelle_sorrel@gmail.com
5359059,Dudley,Dibartolo,9 Horatio St,Ruckinge,Kent,TN26 2PN,01997-409950,01722-935404,dudley_dibartolo@yahoo.com
9535236,Nettie,Aldaco,9 Horatio St,Ruckinge,Kent,TN26 2PN,01388-974910,01681-983353,nettie.aldaco@yahoo.com
3352039,Carline,Bulcao,9 Horatio St,Ruckinge,Kent,TN26 2PN,01885-707109,01381-330004,carline@yahoo.com
7655332,Shanda,Lunger,9 Jackson St,Parr Ward,Merseyside,WA9 3QW,01329-303595,01620-180931,slunger@gmail.com
1378333,Emilio,Withers,9 Lodwick St,City and Hunslet Ward,West Yorkshire,LS1 8HZ,01523-697097,01890-447894,emilio_withers@yahoo.com
1619846,Lovetta,Study,9 Mather St,Sutton Vesey Ward,West Midlands,B73 6HH,01593-438141,01424-249976,lovetta@study.co.uk
8689756,Felice,Gone,9 Milton St,Consett North ED,County Durham,DH8 5LP,01691-816025,01888-857515,felice.gone@hotmail.com
6067085,Stefania,Leadbeater,9 Ogwen St,Murdostoun Ward,North Lanarkshire,ML2 8LW,01706-546951,01356-906646,stefania_leadbeater@hotmail.com
5770959,Margarita,Orloski,9 Pengwern St,Marldon,Devon,TQ3 1SA,01215-422453,01958-497953,margarita_orloski@yahoo.com
3459062,Paul,Farrin,9 Pengwern St,Marldon,Devon,TQ3 1SA,01407-775572,01879-963638,paul.farrin@farrin.co.uk
6183127,Anglea,Tritten,9 Waltham Rd,Yealmpton,Devon,PL8 2NS,01818-292728,01436-350784,anglea_tritten@hotmail.com
9382079,Ona,Bowhall,907 Denman St,Crowle and Ealand,North Lincolnshire,DN17 4EN,01467-554624,01984-207421,ona@yahoo.com
6655737,Germaine,Hascall,91 Ludlow St,Woodhouse Ward,Greater London,N12 0EF,01366-388506,01957-962781,ghascall@hotmail.com
1610227,Vicky,Schellenberge,91 Ludlow St,Woodhouse Ward,Greater London,N12 0EF,01625-805645,01602-772009,vschellenberge@hotmail.com
6659634,Carolann,Gross,91 Ludlow St,Woodhouse Ward,Greater London,N12 0EF,01470-609953,01672-859754,carolann@gross.co.uk
2548558,Rusty,Adelsperger,9112 Hardwick St,Bowes,County Durham,DL12 9JB,01467-172590,01338-121225,rusty.adelsperger@yahoo.com
2958395,Cassandra,Bludworth,9112 Hardwick St,Bowes,County Durham,DL12 9JB,01903-614855,01583-648675,cbludworth@yahoo.com
8343446,Teresita,Gesell,9112 Hardwick St,Bowes,County Durham,DL12 9JB,01914-501391,01372-236506,teresita_gesell@hotmail.com
1328561,Evangelina,Gius,916 Strand St #4753,Leek,Staffordshire,ST13 5AW,01563-997671,01377-310696,evangelina.gius@yahoo.com
6425911,Marlon,Tromblay,9165 Primrose St,Darnall Ward,"Yorkshire, South",S4 7WN,01919-394681,01869-607955,mtromblay@yahoo.com
1792174,Quiana,Scarsella,9165 Primrose St,Darnall Ward,"Yorkshire, South",S4 7WN,01446-936944,01492-687388,quiana_scarsella@hotmail.com
9756018,Viki,Humeniuk,9165 Primrose St,Darnall Ward,"Yorkshire, South",S4 7WN,01721-747819,01381-985978,vhumeniuk@gmail.com
6314156,Domitila,Weissmann,9166 Devon St #905,Knightsbridge and Belgravia Wa,Greater London,SW1W 8JY,01606-833878,01928-189722,domitila@gmail.com
203453,Ivan,Aronov,92 Phythian St #614,Gweek,Cornwall,TR11 5RR,01478-392232,01410-877250,ivan@gmail.com
3335889,Anabel,Baldock,921 Douro St #1520,Rhoose Community,Vale of Glamorgan,CF62 3HN,01994-675650,01845-742562,anabel_baldock@hotmail.com
3594558,Carlton,Blyler,9283 Ruth St #81,Dormers Wells Ward,Greater London,UB1 2FH,01437-681317,01604-200932,carlton@blyler.co.uk
9985559,Rashida,Vera,929 Augustine St,Staple Hill Ward,South Gloucestershire,BS16 4LL,01286-317691,01913-489634,rashida@hotmail.com
4942974,Sherron,Knodel,929 Augustine St,Staple Hill Ward,South Gloucestershire,BS16 4LL,01481-744296,01222-556548,sherron@knodel.co.uk
5386372,Cora,Mossing,93 Clyde Rd #9,Deepdale Ward,Lancashire,PR1 6TN,01285-381062,01699-194090,cora@yahoo.com
6167542,Altha,Tischner,93 Clyde Rd #9,Deepdale Ward,Lancashire,PR1 6TN,01373-594236,01698-785700,altha@hotmail.com
6788304,Dortha,Yaccarino,9302 Ismay St #6,Tenterden,Kent,TN30 6JP,01528-240870,01254-458143,dortha@hotmail.com
1458296,Diego,Augle,94 Enid St,Birchington,Kent,CT7 9BG,01275-397587,01933-666689,diego.augle@gmail.com
5358074,Peggy,Khov,94 Regent St,Over Kellet,Lancashire,LA6 1DB,01619-237602,01648-417310,peggy.khov@gmail.com
4785309,Walton,Yuki,94 Regent St,Over Kellet,Lancashire,LA6 1DB,01872-808403,01885-290666,wyuki@gmail.com
7121538,Vallie,Yafaie,94 Villars St,Launcells,Cornwall,EX23 9LG,01251-120872,01630-603260,vyafaie@hotmail.com
3217585,Tony,Diazdeleon,94 Villars St,Launcells,Cornwall,EX23 9LG,01765-102036,01877-593275,tony@gmail.com
20692,Val,Villot,94 Wakefield St,Lavenham,Suffolk,CO10 9PU,01375-870188,01602-987840,val@yahoo.com
6443486,Mel,Picciuto,9472 Lind St,Desborough,Northamptonshire,NN14 2GH,01885-270480,01268-443299,mel.picciuto@gmail.com
7752301,Isabella,Piatkowski,9472 Lind St,Desborough,Northamptonshire,NN14 2GH,01979-186995,01998-980054,isabella_piatkowski@piatkowski.co.uk
5439570,Erasmo,Rhea,9472 Lind St,Desborough,Northamptonshire,NN14 2GH,01507-386397,01899-316385,erasmo_rhea@hotmail.com
8937809,Ivory,Lohrenz,9472 Lind St,Desborough,Northamptonshire,NN14 2GH,01876-642683,01651-132519,ivory@hotmail.com
2980737,Nikita,Walka,95 Denton St,Wollaton West Ward,Nottinghamshire,NG8 2NB,01282-123434,01724-455145,nwalka@hotmail.com
7532338,Aleta,Ligons,950 Gordon St,Heanor and Loscoe,Derbyshire,DE75 7FZ,01952-535977,01715-637895,aleta_ligons@hotmail.com
5148104,Owen,Jentzen,954 Madelaine St,Central Ward,Wiltshire,SN5 8WG,01467-142439,01917-137038,owen_jentzen@jentzen.co.uk
9736232,Pauline,Fling,9548 Ogwen St #84,Baguley Ward,Greater Manchester,M23 9GB,01990-476494,01458-113457,pfling@fling.co.uk
1360039,Tijuana,Machalek,966 Bower St,Frimley Green Ward,Surrey,GU16 9BB,01242-532395,01336-686264,tijuana.machalek@gmail.com
2179053,Ahmad,Alsaqri,97 Newlands St,Kensington and Fairfield Ward,Merseyside,L6 9DU,01567-555570,01852-550588,ahmad.alsaqri@yahoo.com
4644524,Jamika,Conoly,9730 Dunnet St,Silloth-on-Solway,Cumbria,CA7 4RB,01726-595316,01597-168997,jamika_conoly@conoly.co.uk
6057872,Derrick,Dolloff,9730 Dunnet St,Silloth-on-Solway,Cumbria,CA7 4RB,01982-734773,01619-554437,derrick_dolloff@gmail.com
3743338,Jacquelyne,Reibman,9735 Linton St #2284,Kingswells,Aberdeenshire,AB16 7RW,01846-581451,01850-754504,jacquelyne_reibman@yahoo.com
2906124,Zachary,Freeburger,9830 Croxteth Rd,Pontefract North Ward,West Yorkshire,WF8 3YR,01888-641397,01240-433924,zachary.freeburger@freeburger.co.uk
1584397,Sophia,Gaucher,9874 Oakfield Rd,Redhill Ward,Tyne and Wear,SR5 5PT,01504-539114,01254-919378,sophia.gaucher@hotmail.com
751135,Isabelle,Kono,99 College St South #1,Byker Ward,Tyne and Wear,NE6 2RX,01552-682601,01953-816728,isabelle.kono@yahoo.com
2283356,Ronnie,Brigman,99 College St South #1,Byker Ward,Tyne and Wear,NE6 2RX,01943-754681,01972-686199,ronnie@brigman.co.uk
3641309,Krystina,Schlabaugh,99 College St South #1,Byker Ward,Tyne and Wear,NE6 2RX,01441-846477,01332-799979,kschlabaugh@schlabaugh.co.uk
8454886,Rosita,Ausdemore,99 College St South #1,Byker Ward,Tyne and Wear,NE6 2RX,01273-236188,01997-765432,rausdemore@hotmail.com
1386871,Huey,Stancil,99 Guthrie St,New Milton,Hampshire,BH25 5DF,01502-139578,01468-195646,hstancil@hotmail.com
1185528,Elbert,Fiorino,9923 Dinorben St #4838,Childs Hill Ward,Greater London,NW11 8DY,01724-467889,01992-537553,elbert@hotmail.com
9075362,Pura,Manciel,9960 Gilroy Rd,Woodhouse Ward,Greater London,N12 9JT,01853-412588,01386-437186,pura.manciel@yahoo.com
5438153,Alesia,Katie,9970 Clyde Rd,Woodham Ward,Surrey,KT15 3NW,01333-436799,01240-614527,alesia_katie@gmail.com
5488770,Avery,Veit,9970 Clyde Rd,Woodham Ward,Surrey,KT15 3NW,01748-625058,01369-185737,avery@veit.co.uk
3798167,Reid,Euresti,9986 Cantsfield St,St. Peters Ward,Tyne and Wear,SR6 9SD,01916-963261,01370-319414,reuresti@euresti.co.uk
806761,Charlette,Brenning,9986 Cantsfield St,St. Peters Ward,Tyne and Wear,SR6 9SD,01888-152110,01301-312487,cbrenning@brenning.co.uk
8948632,Celestina,Keeny,999 Upper Harrington St #61,Earlestown Ward,Merseyside,WA12 9WX,01877-379681,01600-463475,celestina_keeny@gmail.com